{
  "project_info": {
    "project_number": "659404092503",
    "firebase_url": "https://messassingclone.firebaseio.com",
    "project_id": "messassingclone",
    "storage_bucket": "messassingclone.appspot.com"
  },
  "client": [
    {
      "client_info": {
        "mobilesdk_app_id": "1:659404092503:android:e33ec98e580792808edf12",
        "android_client_info": {
          "package_name": "com.mobile.messageclone"
        }
      },
      "oauth_client": [
        {
          "client_id": "659404092503-uheopnjf3262l4dm5f026ccmc0t50ju6.apps.googleusercontent.com",
          "client_type": 3
        }
      ],
      "api_key": [
        {
          "current_key": "AIzaSyA8TtceokKpN3nXLmoz9PgV8lUA7aZ1fIk"
        }
      ],
      "services": {
        "appinvite_service": {
          "other_platform_oauth_client": [
            {
              "client_id": "659404092503-uheopnjf3262l4dm5f026ccmc0t50ju6.apps.googleusercontent.com",
              "client_type": 3
            }
          ]
        }
      }
    }
  ],
  "configuration_version": "1"
}